Politica de Reemplazo,Mean Miss Rate
Random,1.0931687460178021
LRU,0.9051735576627791
