Cache Associativity,Mean Miss Rate
1,2.023507780995533
2,1.254320068933719
4,1.077345473266129
8,0.9051735576627791
16,0.8681875399660627
