Cache Size,Mean Miss Rate
8,1.790425710503089
16,1.3460299985451158
32,0.9051735576627791
64,0.6709750296954196
128,0.5248553323822154
