Cache Size,Mean Miss Rate
8,2.0779703451859275
16,1.4976024141596007
32,1.041954225229152
64,0.7630973074972105
128,0.5839346685794241
