Cache Block,Mean Miss Rate
16,1.982890719844375
32,1.3067685985545543
64,0.9051735576627791
128,0.7078067932558149
